<?xml version="1.0" encoding="UTF-8"?>
<metadata xml:lang="fr"><Esri><CreaDate>20200127</CreaDate><CreaTime>12562100</CreaTime><ArcGISFormat>1.0</ArcGISFormat><SyncOnce>TRUE</SyncOnce><DataProperties><lineage><Process ToolSource="c:\program files (x86)\arcgis\desktop10.5\ArcToolbox\Toolboxes\Data Management Tools.tbx\Merge" Date="20191231" Time="094757">Merge Valléesbest2;Vallées C:\Users\Demba\Documents\ArcGIS\Default.gdb\Valléesbest2_Merge "OID_ "OID_" true true false 10 Long 0 10 ,First,#,Valléesbest2,Valléesbest2.OID_,-1,-1,Vallées,Valléesbest2.OID_,-1,-1;Name "Name" true true false 254 Text 0 0 ,First,#,Valléesbest2,Valléesbest2.Name,-1,-1,Vallées,Valléesbest2.Name,-1,-1;FolderPath "FolderPath" true true false 254 Text 0 0 ,First,#,Valléesbest2,Valléesbest2.FolderPath,-1,-1,Vallées,Valléesbest2.FolderPath,-1,-1;SymbolID "SymbolID" true true false 10 Long 0 10 ,First,#,Valléesbest2,Valléesbest2.SymbolID,-1,-1,Vallées,Valléesbest2.SymbolID,-1,-1;AltMode "AltMode" true true false 5 Long 0 5 ,First,#,Valléesbest2,Valléesbest2.AltMode,-1,-1,Vallées,Valléesbest2.AltMode,-1,-1;Base "Base" true true false 19 Double 0 0 ,First,#,Valléesbest2,Valléesbest2.Base,-1,-1,Vallées,Valléesbest2.Base,-1,-1;Clamped "Clamped" true true false 5 Long 0 5 ,First,#,Valléesbest2,Valléesbest2.Clamped,-1,-1,Vallées,Valléesbest2.Clamped,-1,-1;Extruded "Extruded" true true false 5 Long 0 5 ,First,#,Valléesbest2,Valléesbest2.Extruded,-1,-1,Vallées,Valléesbest2.Extruded,-1,-1;Snippet "Snippet" true true false 254 Text 0 0 ,First,#,Valléesbest2,Valléesbest2.Snippet,-1,-1,Vallées,Valléesbest2.Snippet,-1,-1;PopupInfo "PopupInfo" true true false 254 Text 0 0 ,First,#,Valléesbest2,Valléesbest2.PopupInfo,-1,-1,Vallées,Valléesbest2.PopupInfo,-1,-1;Shape_Leng "Shape_Leng" true true false 19 Double 0 0 ,First,#,Valléesbest2,Valléesbest2.Shape_Leng,-1,-1,Vallées,Valléesbest2.Shape_Leng,-1,-1;Shape_Area "Shape_Area" true true false 19 Double 0 0 ,First,#,Valléesbest2,Valléesbest2.Shape_Area,-1,-1,Vallées,Valléesbest2.Shape_Area,-1,-1;Polygons_OID "Polygons_OID" false true false 4 Long 0 9 ,First,#,Valléesbest2,Polygons.OID,-1,-1,Vallées,Polygons.OID,-1,-1;Polygons_Name "Polygons_Name" true true false 255 Text 0 0 ,First,#,Valléesbest2,Polygons.Name,-1,-1,Vallées,Polygons.Name,-1,-1;Polygons_FolderPath "Polygons_FolderPath" true true false 255 Text 0 0 ,First,#,Valléesbest2,Polygons.FolderPath,-1,-1,Vallées,Polygons.FolderPath,-1,-1;Polygons_SymbolID "Polygons_SymbolID" true true false 4 Long 0 0 ,First,#,Valléesbest2,Polygons.SymbolID,-1,-1,Vallées,Polygons.SymbolID,-1,-1;Polygons_AltMode "Polygons_AltMode" true true false 2 Short 0 0 ,First,#,Valléesbest2,Polygons.AltMode,-1,-1,Vallées,Polygons.AltMode,-1,-1;Polygons_Base "Polygons_Base" true true false 8 Double 0 0 ,First,#,Valléesbest2,Polygons.Base,-1,-1,Vallées,Polygons.Base,-1,-1;Polygons_Clamped "Polygons_Clamped" true true false 2 Short 0 0 ,First,#,Valléesbest2,Polygons.Clamped,-1,-1,Vallées,Polygons.Clamped,-1,-1;Polygons_Extruded "Polygons_Extruded" true true false 2 Short 0 0 ,First,#,Valléesbest2,Polygons.Extruded,-1,-1,Vallées,Polygons.Extruded,-1,-1;Polygons_Snippet "Polygons_Snippet" true true false 268435455 Text 0 0 ,First,#,Valléesbest2,Polygons.Snippet,-1,-1,Vallées,Polygons.Snippet,-1,-1;Polygons_PopupInfo "Polygons_PopupInfo" true true false 268435455 Text 0 0 ,First,#,Valléesbest2,Polygons.PopupInfo,-1,-1,Vallées,Polygons.PopupInfo,-1,-1;Polygons_Shape_Length "Polygons_Shape_Length" false true true 8 Double 0 0 ,First,#,Valléesbest2,Polygons.Shape_Length,-1,-1,Vallées,Polygons.Shape_Length,-1,-1;Polygons_Shape_Area "Polygons_Shape_Area" false true true 8 Double 0 0 ,First,#,Valléesbest2,Polygons.Shape_Area,-1,-1,Vallées,Polygons.Shape_Area,-1,-1;OID1 "OID1" true true false 10 Long 0 10 ,First,#,Vallées,Vallées.OID_,-1,-1;Name_1 "Name_1" true true false 254 Text 0 0 ,First,#,Vallées,Vallées.Name,-1,-1;Shape_Area_1 "Shape_Area_1" true true false 19 Double 0 0 ,First,#,Vallées,Vallées.Shape_Area,-1,-1;Type_Inter "Type_Inter" true true false 50 Text 0 0 ,First,#,Vallées,Vallées.Type_Inter,-1,-1;Superficie "Superficie" true true false 10 Long 0 10 ,First,#,Vallées,Vallées.Superficie,-1,-1;Année "Année" true true false 10 Long 0 10 ,First,#,Vallées,Vallées.Année,-1,-1;Villages_1 "Villages_1" true true false 254 Text 0 0 ,First,#,Vallées,Vallées.Villages_1,-1,-1;CoordX "CoordX" true true false 19 Double 0 0 ,First,#,Vallées,Vallées.CoordX,-1,-1;Lon "Lon" true true false 19 Double 0 0 ,First,#,Vallées,Vallées.Lon,-1,-1;Valléesbest2_FID "Valléesbest2_FID" false true false 4 Long 0 9 ,First,#,Vallées,Valléesbest2.FID,-1,-1"</Process><Process ToolSource="c:\program files (x86)\arcgis\desktop10.5\ArcToolbox\Toolboxes\Data Management Tools.tbx\CalculateField" Date="20191231" Time="100842">CalculateField Valléesbest2_Merge Type_Inter "Aménagement/Réhabilitation" VB #</Process><Process ToolSource="c:\program files (x86)\arcgis\desktop10.5\ArcToolbox\Toolboxes\Data Management Tools.tbx\CalculateField" Date="20191231" Time="100930">CalculateField Valléesbest2_Merge Type_Inter "Etude" VB #</Process><Process ToolSource="c:\program files (x86)\arcgis\desktop10.5\ArcToolbox\Toolboxes\Data Management Tools.tbx\CalculateField" Date="20191231" Time="100955">CalculateField Valléesbest2_Merge Type_Inter "Etude" VB #</Process><Process ToolSource="c:\program files (x86)\arcgis\desktop10.5\ArcToolbox\Toolboxes\Data Management Tools.tbx\CalculateField" Date="20191231" Time="101045">CalculateField Valléesbest2_Merge Année "2016-2017" VB #</Process><Process ToolSource="c:\program files (x86)\arcgis\desktop10.5\ArcToolbox\Toolboxes\Data Management Tools.tbx\CalculateField" Date="20191231" Time="110509">CalculateField Vallée_aménagées2 Année_int "2016-2017" VB #</Process></lineage></DataProperties></Esri></metadata>
